accountId,customerId,accountType,openDate,balance
ACC-000001,CUST-00001,savings,2013-08-21,8688316.56
ACC-000002,CUST-00001,savings,2011-02-25,4196397.33
ACC-000003,CUST-00002,loan,2016-06-23,6264902.04
ACC-000004,CUST-00003,savings,2014-07-20,36325.45
ACC-000005,CUST-00004,cheque,2020-04-15,4976778.45
ACC-000006,CUST-00004,loan,2022-03-11,8074738.18
ACC-000007,CUST-00005,loan,2015-05-03,2169521.57
ACC-000008,CUST-00005,loan,2020-03-06,4102103.51
ACC-000009,CUST-00006,cheque,2015-06-28,8821796.48
ACC-000010,CUST-00007,savings,2011-02-05,1849215.03
ACC-000011,CUST-00008,overdraft,2010-10-28,1454598.79
ACC-000012,CUST-00009,overdraft,2017-06-05,9203926.6
ACC-000013,CUST-00010,loan,2013-12-31,1614190.94
ACC-000014,CUST-00011,savings,2020-03-19,7493598.76
ACC-000015,CUST-00012,cheque,2012-02-02,7685351.32
ACC-000016,CUST-00013,loan,2011-07-09,7584661.44
ACC-000017,CUST-00014,cheque,2016-07-26,4708697.63
ACC-000018,CUST-00014,cheque,2016-02-27,3292756.06
ACC-000019,CUST-00015,savings,2014-09-09,6120925.4
ACC-000020,CUST-00016,cheque,2020-11-06,7241017.3
ACC-000021,CUST-00017,overdraft,2019-07-31,6088837.22
ACC-000022,CUST-00017,overdraft,2015-10-29,5254386.86
ACC-000023,CUST-00018,overdraft,2012-11-28,6143285.52
ACC-000024,CUST-00018,loan,2021-08-28,7292118.26
ACC-000025,CUST-00018,loan,2021-01-17,8079995.62
ACC-000026,CUST-00019,savings,2016-07-07,9792597.34
ACC-000027,CUST-00019,cheque,2012-08-26,240843.99
ACC-000028,CUST-00019,cheque,2014-08-26,7995843.95
ACC-000029,CUST-00020,loan,2011-01-08,3338588.78
ACC-000030,CUST-00020,savings,2010-04-03,6406542.49
ACC-000031,CUST-00020,overdraft,2015-09-16,7902164.83
ACC-000032,CUST-00021,overdraft,2010-02-20,1139253.79
ACC-000033,CUST-00022,loan,2022-10-05,6160317.44
ACC-000034,CUST-00023,savings,2014-05-09,3305817.81
ACC-000035,CUST-00024,loan,2020-08-23,7972746.58
ACC-000036,CUST-00025,loan,2013-06-26,6272377.68
ACC-000037,CUST-00025,overdraft,2020-05-16,7840106.34
ACC-000038,CUST-00026,cheque,2021-09-08,2994138.12
ACC-000039,CUST-00027,overdraft,2022-06-15,5359318.87
ACC-000040,CUST-00027,savings,2022-12-14,6855247.51
ACC-000041,CUST-00028,overdraft,2011-06-27,9696163.31
ACC-000042,CUST-00028,overdraft,2010-09-13,3392185.03
ACC-000043,CUST-00029,savings,2022-10-22,6057285.2
ACC-000044,CUST-00030,cheque,2016-11-30,7052956.57
ACC-000045,CUST-00031,cheque,2016-02-03,4139281.81
ACC-000046,CUST-00032,savings,2018-05-03,4519611.39
ACC-000047,CUST-00033,savings,2021-10-11,3023880.67
ACC-000048,CUST-00033,cheque,2018-05-24,7849654.89
ACC-000049,CUST-00033,savings,2012-01-29,4438297.16
ACC-000050,CUST-00034,loan,2021-03-20,1541623.69
ACC-000051,CUST-00035,loan,2021-09-29,3104276.73
ACC-000052,CUST-00036,cheque,2021-07-30,6767496.17
ACC-000053,CUST-00037,cheque,2020-04-21,3876494.57
ACC-000054,CUST-00038,cheque,2010-02-03,3110502.2
ACC-000055,CUST-00038,cheque,2023-05-01,8718879.06
ACC-000056,CUST-00038,overdraft,2020-06-21,8891969.57
ACC-000057,CUST-00039,overdraft,2010-07-04,5776020.78
ACC-000058,CUST-00040,savings,2017-03-13,2006354.57
ACC-000059,CUST-00041,overdraft,2019-11-23,6711569.3
ACC-000060,CUST-00042,savings,2016-02-20,1145489.48
ACC-000061,CUST-00043,cheque,2014-08-20,5425744.61
ACC-000062,CUST-00043,overdraft,2016-01-30,1416426.73
ACC-000063,CUST-00043,overdraft,2022-11-16,2449005.91
ACC-000064,CUST-00044,overdraft,2022-02-15,4437032.74
ACC-000065,CUST-00045,loan,2011-02-18,1060163.26
ACC-000066,CUST-00046,loan,2018-10-16,1790650.95
ACC-000067,CUST-00047,loan,2023-10-28,3556887.51
ACC-000068,CUST-00047,overdraft,2014-06-12,7129273.95
ACC-000069,CUST-00048,cheque,2020-06-11,5678325.23
ACC-000070,CUST-00048,cheque,2020-07-03,973532.71
ACC-000071,CUST-00049,loan,2020-07-21,2317710.44
ACC-000072,CUST-00050,overdraft,2018-02-25,3921377.11
ACC-000073,CUST-00051,overdraft,2017-04-14,4533377.39
ACC-000074,CUST-00051,cheque,2011-06-20,4753868.29
ACC-000075,CUST-00052,loan,2013-10-31,2823291.43
ACC-000076,CUST-00053,savings,2021-05-24,1030219.17
ACC-000077,CUST-00054,cheque,2017-04-23,5561942.45
ACC-000078,CUST-00054,cheque,2016-10-10,5327922.91
ACC-000079,CUST-00055,loan,2015-05-09,6209127.51
ACC-000080,CUST-00056,loan,2018-08-11,661533.29
ACC-000081,CUST-00056,savings,2023-04-04,4312053.83
ACC-000082,CUST-00057,overdraft,2022-03-19,6941637.43
ACC-000083,CUST-00057,savings,2024-11-11,6696382.36
ACC-000084,CUST-00057,loan,2012-07-25,5922039.19
ACC-000085,CUST-00058,cheque,2019-12-27,1762563.85
ACC-000086,CUST-00059,cheque,2023-06-02,1088337.59
ACC-000087,CUST-00059,loan,2017-05-06,4943457.18
ACC-000088,CUST-00059,cheque,2012-01-12,2176900.12
ACC-000089,CUST-00060,cheque,2013-04-16,6609153.06
ACC-000090,CUST-00061,overdraft,2018-09-30,6156106.09
ACC-000091,CUST-00062,savings,2017-02-06,2998053.61
ACC-000092,CUST-00063,overdraft,2019-10-02,7178194.43
ACC-000093,CUST-00063,overdraft,2012-01-02,5827687.05
ACC-000094,CUST-00064,loan,2012-11-10,8525199.29
ACC-000095,CUST-00064,cheque,2018-04-13,9010855.88
ACC-000096,CUST-00065,cheque,2022-07-24,8207712.08
ACC-000097,CUST-00065,overdraft,2012-06-17,8612617.15
ACC-000098,CUST-00065,cheque,2015-04-12,4317723.3
ACC-000099,CUST-00066,overdraft,2018-08-02,4060920.51
ACC-000100,CUST-00066,loan,2022-03-24,2112949.53
ACC-000101,CUST-00067,savings,2014-03-22,5554660.37
ACC-000102,CUST-00068,overdraft,2019-05-11,1543518.64
ACC-000103,CUST-00068,savings,2013-01-05,117015.92
ACC-000104,CUST-00069,savings,2020-12-01,6579609.04
ACC-000105,CUST-00069,savings,2011-11-25,1373065.46
ACC-000106,CUST-00070,loan,2023-07-23,9303179.81
ACC-000107,CUST-00070,savings,2020-03-11,5094639.73
ACC-000108,CUST-00071,loan,2018-08-18,3553717.0
ACC-000109,CUST-00071,savings,2019-07-12,6046128.0
ACC-000110,CUST-00072,savings,2021-04-03,2693235.23
ACC-000111,CUST-00072,overdraft,2010-10-02,9782356.26
ACC-000112,CUST-00073,overdraft,2012-07-16,5803107.55
ACC-000113,CUST-00073,cheque,2013-03-09,7302124.51
ACC-000114,CUST-00074,overdraft,2020-06-05,5169978.55
ACC-000115,CUST-00074,cheque,2015-07-02,4725043.27
ACC-000116,CUST-00075,cheque,2024-03-19,5392432.93
ACC-000117,CUST-00075,overdraft,2023-10-02,528689.95
ACC-000118,CUST-00076,cheque,2020-07-07,4540893.68
ACC-000119,CUST-00077,overdraft,2019-06-11,3529792.5
ACC-000120,CUST-00077,overdraft,2016-06-27,1675914.12
ACC-000121,CUST-00077,overdraft,2022-08-23,2605170.92
ACC-000122,CUST-00078,savings,2022-11-06,517147.23
ACC-000123,CUST-00078,overdraft,2024-01-02,273953.58
ACC-000124,CUST-00079,savings,2021-05-04,769545.73
ACC-000125,CUST-00080,overdraft,2012-12-21,6158361.8
ACC-000126,CUST-00080,overdraft,2015-10-06,143015.9
ACC-000127,CUST-00081,savings,2023-04-10,7389933.37
ACC-000128,CUST-00082,overdraft,2013-12-07,2613264.63
ACC-000129,CUST-00082,savings,2020-11-16,1808911.1
ACC-000130,CUST-00083,cheque,2017-09-09,9840732.51
ACC-000131,CUST-00083,savings,2023-05-11,9339484.61
ACC-000132,CUST-00084,loan,2019-04-06,7703907.52
ACC-000133,CUST-00085,loan,2024-04-20,1673665.33
ACC-000134,CUST-00086,overdraft,2011-03-22,6422968.71
ACC-000135,CUST-00086,cheque,2011-03-07,1676836.37
ACC-000136,CUST-00087,overdraft,2020-09-06,7461759.3
ACC-000137,CUST-00088,savings,2018-07-09,6835416.08
ACC-000138,CUST-00088,loan,2020-08-23,2626988.89
ACC-000139,CUST-00089,loan,2010-04-08,2888633.43
ACC-000140,CUST-00089,loan,2018-07-27,6785255.56
ACC-000141,CUST-00090,cheque,2012-03-08,9177203.7
ACC-000142,CUST-00090,overdraft,2019-09-08,6105245.19
ACC-000143,CUST-00090,overdraft,2017-07-07,2703990.85
ACC-000144,CUST-00091,overdraft,2024-09-04,5842184.16
ACC-000145,CUST-00091,loan,2015-06-04,7343400.24
ACC-000146,CUST-00092,savings,2021-08-30,3374728.62
ACC-000147,CUST-00092,savings,2017-01-10,5476577.94
ACC-000148,CUST-00093,cheque,2010-04-08,4113076.42
ACC-000149,CUST-00093,cheque,2020-01-02,3515812.68
ACC-000150,CUST-00094,overdraft,2014-05-01,341383.58
ACC-000151,CUST-00094,cheque,2011-04-11,9385116.17
ACC-000152,CUST-00095,savings,2023-06-12,6381190.77
ACC-000153,CUST-00095,cheque,2011-12-09,8564551.8
ACC-000154,CUST-00096,savings,2012-06-27,6956840.68
ACC-000155,CUST-00097,loan,2024-10-24,9361884.42
ACC-000156,CUST-00098,overdraft,2019-07-30,6922522.7
ACC-000157,CUST-00098,overdraft,2015-10-10,1620498.35
ACC-000158,CUST-00099,cheque,2018-08-02,3886515.69
ACC-000159,CUST-00100,overdraft,2015-12-09,1780116.94
ACC-000160,CUST-00100,cheque,2021-01-11,9794240.38
ACC-000161,CUST-00100,savings,2023-09-09,3926951.82
ACC-000162,CUST-00101,cheque,2013-03-24,5406780.94
ACC-000163,CUST-00101,loan,2014-11-25,6140048.94
ACC-000164,CUST-00102,loan,2015-10-23,1033767.87
ACC-000165,CUST-00103,overdraft,2020-01-01,188629.17
ACC-000166,CUST-00104,cheque,2010-11-06,6646393.76
ACC-000167,CUST-00105,overdraft,2018-10-11,5746827.88
ACC-000168,CUST-00106,loan,2020-09-21,4361140.62
ACC-000169,CUST-00106,cheque,2022-02-11,2259242.57
ACC-000170,CUST-00107,loan,2012-09-19,5672871.61
ACC-000171,CUST-00108,overdraft,2017-06-24,6818675.52
ACC-000172,CUST-00108,loan,2011-03-29,6323092.99
ACC-000173,CUST-00108,cheque,2018-03-12,5346728.34
ACC-000174,CUST-00109,cheque,2020-04-23,7604770.36
ACC-000175,CUST-00109,overdraft,2024-07-12,2032001.59
ACC-000176,CUST-00109,cheque,2018-08-14,6607680.15
ACC-000177,CUST-00110,loan,2012-05-24,6306539.96
ACC-000178,CUST-00111,cheque,2024-03-11,4380399.51
ACC-000179,CUST-00112,cheque,2014-05-01,254620.69
ACC-000180,CUST-00113,savings,2020-12-21,3888286.57
ACC-000181,CUST-00113,overdraft,2021-03-17,5339866.53
ACC-000182,CUST-00113,loan,2010-05-15,371389.76
ACC-000183,CUST-00114,cheque,2019-02-04,1182752.9
ACC-000184,CUST-00115,loan,2022-01-13,1490387.34
ACC-000185,CUST-00115,savings,2011-08-14,369739.8
ACC-000186,CUST-00116,cheque,2020-07-27,9071881.6
ACC-000187,CUST-00117,savings,2024-07-20,1306246.8
ACC-000188,CUST-00117,savings,2024-03-10,500530.02
ACC-000189,CUST-00118,cheque,2020-03-26,6112647.67
ACC-000190,CUST-00119,cheque,2012-05-21,1142682.64
ACC-000191,CUST-00119,savings,2011-06-01,8044730.86
ACC-000192,CUST-00120,loan,2017-04-10,1208903.59
ACC-000193,CUST-00121,savings,2017-03-19,8364434.5
ACC-000194,CUST-00121,savings,2011-01-09,5931259.45
ACC-000195,CUST-00122,cheque,2016-02-22,1413226.79
ACC-000196,CUST-00123,overdraft,2022-05-31,1650896.26
ACC-000197,CUST-00124,cheque,2012-12-28,1000578.54
ACC-000198,CUST-00125,loan,2013-07-16,157287.63
ACC-000199,CUST-00125,loan,2011-10-24,64489.44
ACC-000200,CUST-00126,cheque,2024-08-14,5937711.5
ACC-000201,CUST-00127,loan,2012-11-05,2062396.03
ACC-000202,CUST-00128,loan,2019-03-30,2393298.34
ACC-000203,CUST-00128,savings,2023-09-11,6917044.02
ACC-000204,CUST-00129,loan,2023-09-23,9503030.34
ACC-000205,CUST-00129,overdraft,2017-10-20,4188439.92
ACC-000206,CUST-00130,savings,2012-08-20,9866048.64
ACC-000207,CUST-00130,cheque,2023-11-19,3619651.14
ACC-000208,CUST-00131,savings,2020-05-30,7703542.5
ACC-000209,CUST-00131,savings,2016-03-14,531637.12
ACC-000210,CUST-00132,savings,2020-08-22,4975650.86
ACC-000211,CUST-00133,cheque,2011-03-19,6448963.51
ACC-000212,CUST-00134,loan,2015-08-22,3343612.0
ACC-000213,CUST-00135,loan,2010-12-21,1045106.57
ACC-000214,CUST-00135,cheque,2022-01-20,1759700.19
ACC-000215,CUST-00136,loan,2021-07-20,1161534.79
ACC-000216,CUST-00136,savings,2019-12-23,5927473.92
ACC-000217,CUST-00137,savings,2017-04-22,2301402.29
ACC-000218,CUST-00138,savings,2012-03-14,2371946.5
ACC-000219,CUST-00139,savings,2018-06-04,8913760.13
ACC-000220,CUST-00140,loan,2011-03-22,8904997.95
ACC-000221,CUST-00141,loan,2013-12-29,3873915.71
ACC-000222,CUST-00142,savings,2024-03-05,3586543.26
ACC-000223,CUST-00143,overdraft,2012-11-08,321913.86
ACC-000224,CUST-00144,overdraft,2013-01-23,1111981.6
ACC-000225,CUST-00144,loan,2020-04-14,4182820.07
ACC-000226,CUST-00145,savings,2016-08-14,6036756.19
ACC-000227,CUST-00145,savings,2022-12-19,9701388.28
ACC-000228,CUST-00146,cheque,2019-03-27,8569880.66
ACC-000229,CUST-00146,loan,2014-11-09,5916217.13
ACC-000230,CUST-00146,loan,2016-04-05,146024.07
ACC-000231,CUST-00147,savings,2015-07-24,3273632.18
ACC-000232,CUST-00148,savings,2022-11-13,8982619.69
ACC-000233,CUST-00148,loan,2010-12-29,401546.74
ACC-000234,CUST-00149,cheque,2019-07-20,5311686.14
ACC-000235,CUST-00150,cheque,2020-02-24,4953355.15
ACC-000236,CUST-00151,cheque,2019-02-14,9499389.02
ACC-000237,CUST-00152,overdraft,2015-05-13,6476754.34
ACC-000238,CUST-00153,loan,2016-11-02,1618866.53
ACC-000239,CUST-00154,cheque,2020-03-15,4638142.66
ACC-000240,CUST-00155,loan,2014-02-24,7898797.27
ACC-000241,CUST-00156,loan,2024-03-16,14635.13
ACC-000242,CUST-00157,loan,2017-06-20,5309672.35
ACC-000243,CUST-00157,overdraft,2019-07-21,7529127.22
ACC-000244,CUST-00158,savings,2011-10-26,6204931.66
ACC-000245,CUST-00158,overdraft,2011-03-26,5147850.07
ACC-000246,CUST-00159,overdraft,2011-02-27,1110554.47
ACC-000247,CUST-00159,overdraft,2020-06-09,6191715.37
ACC-000248,CUST-00159,overdraft,2018-03-21,1753498.76
ACC-000249,CUST-00160,cheque,2022-07-30,7093662.02
ACC-000250,CUST-00160,savings,2013-02-07,9812534.97
ACC-000251,CUST-00161,cheque,2024-07-22,4785456.16
ACC-000252,CUST-00162,savings,2015-01-21,3205317.7
ACC-000253,CUST-00162,overdraft,2021-04-18,6802587.16
ACC-000254,CUST-00162,overdraft,2011-03-23,634628.43
ACC-000255,CUST-00163,loan,2021-03-31,5267299.31
ACC-000256,CUST-00164,overdraft,2020-02-20,6209891.73
ACC-000257,CUST-00165,cheque,2014-03-23,8919140.23
ACC-000258,CUST-00165,loan,2011-12-17,802623.86
ACC-000259,CUST-00166,overdraft,2011-09-23,1094539.84
ACC-000260,CUST-00166,overdraft,2012-07-06,6971124.03
ACC-000261,CUST-00166,loan,2013-05-17,8750056.4
ACC-000262,CUST-00167,cheque,2016-07-29,4165950.05
ACC-000263,CUST-00167,savings,2020-08-18,3467655.77
ACC-000264,CUST-00168,cheque,2016-07-16,1891417.53
ACC-000265,CUST-00169,savings,2021-08-27,6447075.64
ACC-000266,CUST-00170,overdraft,2024-09-15,6460866.21
ACC-000267,CUST-00171,loan,2020-04-09,3041519.3
ACC-000268,CUST-00172,overdraft,2013-11-07,7892887.79
ACC-000269,CUST-00173,overdraft,2016-06-18,7697727.62
ACC-000270,CUST-00174,overdraft,2016-05-18,4559809.45
ACC-000271,CUST-00175,savings,2022-01-03,2853180.58
ACC-000272,CUST-00176,savings,2013-08-13,2379815.34
ACC-000273,CUST-00176,cheque,2017-02-06,5745677.18
ACC-000274,CUST-00176,loan,2015-11-04,3697351.76
ACC-000275,CUST-00177,cheque,2024-12-05,3170120.7
ACC-000276,CUST-00178,overdraft,2020-01-22,5399126.1
ACC-000277,CUST-00179,overdraft,2012-09-22,9204419.33
ACC-000278,CUST-00180,loan,2013-04-05,9477942.75
ACC-000279,CUST-00181,savings,2010-02-05,9701531.48
ACC-000280,CUST-00181,overdraft,2024-07-08,7054808.11
ACC-000281,CUST-00181,loan,2016-07-02,9696085.97
ACC-000282,CUST-00182,savings,2022-09-05,7285709.33
ACC-000283,CUST-00182,loan,2017-08-06,6891780.67
ACC-000284,CUST-00183,cheque,2013-02-16,6780405.36
ACC-000285,CUST-00183,cheque,2016-11-28,248931.15
ACC-000286,CUST-00184,savings,2020-01-02,3574578.09
ACC-000287,CUST-00184,overdraft,2011-03-27,6081903.95
ACC-000288,CUST-00185,savings,2016-03-26,1957961.02
ACC-000289,CUST-00186,loan,2011-12-17,9758419.23
ACC-000290,CUST-00187,loan,2017-02-16,6032115.57
ACC-000291,CUST-00188,cheque,2024-12-15,3611287.63
ACC-000292,CUST-00188,savings,2019-08-05,3696930.04
ACC-000293,CUST-00189,overdraft,2017-09-26,3514198.98
ACC-000294,CUST-00190,cheque,2014-11-02,7278805.72
ACC-000295,CUST-00190,loan,2019-04-28,8037051.36
ACC-000296,CUST-00190,overdraft,2013-09-03,8056922.18
ACC-000297,CUST-00191,loan,2019-04-17,1396537.3
ACC-000298,CUST-00191,cheque,2013-03-22,2078630.12
ACC-000299,CUST-00191,loan,2021-10-13,9866396.83
ACC-000300,CUST-00192,loan,2011-12-26,67182.06
ACC-000301,CUST-00193,overdraft,2019-04-19,1749755.22
ACC-000302,CUST-00193,loan,2022-09-27,7552682.23
ACC-000303,CUST-00194,savings,2018-07-25,2895342.2
ACC-000304,CUST-00195,overdraft,2023-02-16,3039839.88
ACC-000305,CUST-00196,loan,2015-01-14,269373.31
ACC-000306,CUST-00196,cheque,2013-06-15,2627507.56
ACC-000307,CUST-00197,loan,2012-10-14,6538475.91
ACC-000308,CUST-00197,overdraft,2019-05-11,1794543.7
ACC-000309,CUST-00197,savings,2010-08-22,1194427.28
ACC-000310,CUST-00198,cheque,2023-06-08,7455910.17
ACC-000311,CUST-00199,loan,2015-10-14,6280332.48
ACC-000312,CUST-00199,loan,2012-09-06,3732648.96
ACC-000313,CUST-00200,cheque,2015-10-28,1629309.48
ACC-000314,CUST-00200,cheque,2013-04-12,3197491.43
ACC-000315,CUST-00201,savings,2018-01-06,1633925.21
ACC-000316,CUST-00201,overdraft,2018-02-06,4195720.54
ACC-000317,CUST-00201,overdraft,2011-02-04,2899272.12
ACC-000318,CUST-00202,cheque,2021-07-11,1938954.53
ACC-000319,CUST-00202,savings,2012-02-14,5988026.12
ACC-000320,CUST-00203,overdraft,2017-02-03,8268393.14
ACC-000321,CUST-00204,overdraft,2016-02-02,6854751.75
ACC-000322,CUST-00204,overdraft,2012-02-25,5344668.81
ACC-000323,CUST-00205,savings,2010-04-16,1370357.51
ACC-000324,CUST-00206,loan,2019-03-30,3403790.6
ACC-000325,CUST-00207,cheque,2014-11-20,1546394.59
ACC-000326,CUST-00207,savings,2014-03-24,7951272.27
ACC-000327,CUST-00207,cheque,2019-05-12,4605453.09
ACC-000328,CUST-00208,savings,2010-05-23,4795702.78
ACC-000329,CUST-00209,overdraft,2013-02-12,8170569.99
ACC-000330,CUST-00210,overdraft,2013-11-11,7099238.93
ACC-000331,CUST-00210,cheque,2012-08-29,2224356.12
ACC-000332,CUST-00210,savings,2015-01-31,3074975.81
ACC-000333,CUST-00211,cheque,2019-07-13,6908490.55
ACC-000334,CUST-00212,cheque,2010-06-04,7747148.39
ACC-000335,CUST-00212,loan,2010-12-15,1964313.57
ACC-000336,CUST-00213,cheque,2020-07-09,1190103.26
ACC-000337,CUST-00214,cheque,2016-10-07,6676196.65
ACC-000338,CUST-00215,cheque,2023-07-01,2054806.46
ACC-000339,CUST-00215,savings,2014-02-22,6706335.88
ACC-000340,CUST-00216,savings,2016-03-22,9487967.26
ACC-000341,CUST-00217,savings,2021-03-25,7808240.56
ACC-000342,CUST-00218,cheque,2012-03-22,8196045.46
ACC-000343,CUST-00218,cheque,2021-11-11,2170763.76
ACC-000344,CUST-00219,overdraft,2013-11-08,9016701.25
ACC-000345,CUST-00220,cheque,2014-10-20,9204851.3
ACC-000346,CUST-00220,loan,2018-03-22,6981630.93
ACC-000347,CUST-00221,cheque,2014-01-21,8347586.8
ACC-000348,CUST-00222,loan,2014-10-22,5142995.78
ACC-000349,CUST-00222,loan,2012-07-13,7614333.06
ACC-000350,CUST-00222,overdraft,2012-10-09,4659551.06
ACC-000351,CUST-00223,loan,2018-02-07,7047604.42
ACC-000352,CUST-00223,cheque,2011-11-05,3281825.96
ACC-000353,CUST-00224,overdraft,2020-04-01,6004294.69
ACC-000354,CUST-00225,loan,2015-01-25,5539605.0
ACC-000355,CUST-00226,loan,2014-03-27,8567880.72
ACC-000356,CUST-00227,loan,2018-03-30,1793793.54
ACC-000357,CUST-00227,loan,2012-05-11,3964301.22
ACC-000358,CUST-00227,cheque,2012-09-03,1434532.25
ACC-000359,CUST-00228,cheque,2013-10-14,648039.4
ACC-000360,CUST-00229,overdraft,2014-06-29,5950013.34
ACC-000361,CUST-00229,loan,2012-10-02,2329463.52
ACC-000362,CUST-00229,loan,2021-03-12,2785904.8
ACC-000363,CUST-00230,overdraft,2024-06-10,9432307.36
ACC-000364,CUST-00230,overdraft,2020-09-02,6667103.42
ACC-000365,CUST-00231,loan,2021-06-21,2789627.44
ACC-000366,CUST-00231,loan,2012-06-04,1222778.41
ACC-000367,CUST-00231,loan,2021-02-25,2308987.11
ACC-000368,CUST-00232,cheque,2012-03-26,7378245.76
ACC-000369,CUST-00232,cheque,2021-03-04,6781396.3
ACC-000370,CUST-00232,savings,2018-08-01,6046234.66
ACC-000371,CUST-00233,overdraft,2023-12-14,6232702.95
ACC-000372,CUST-00234,loan,2020-06-14,2020115.61
ACC-000373,CUST-00234,loan,2020-12-30,5048442.77
ACC-000374,CUST-00235,cheque,2010-09-16,9907124.94
ACC-000375,CUST-00235,cheque,2018-08-09,4501705.08
ACC-000376,CUST-00236,loan,2020-04-23,360775.21
ACC-000377,CUST-00236,savings,2022-06-27,6594450.86
ACC-000378,CUST-00236,overdraft,2013-09-06,4915304.61
ACC-000379,CUST-00237,loan,2020-12-07,7640347.37
ACC-000380,CUST-00238,loan,2024-10-21,5538285.2
ACC-000381,CUST-00238,loan,2020-09-03,5622991.86
ACC-000382,CUST-00239,cheque,2018-10-12,2634646.45
ACC-000383,CUST-00240,loan,2023-11-02,6765201.35
ACC-000384,CUST-00240,overdraft,2017-03-10,615178.3
ACC-000385,CUST-00241,savings,2018-03-21,3489419.0
ACC-000386,CUST-00241,cheque,2024-01-09,3413223.99
ACC-000387,CUST-00242,overdraft,2018-01-06,4119884.1
ACC-000388,CUST-00243,savings,2015-07-22,2346986.26
ACC-000389,CUST-00244,cheque,2011-06-21,8689530.67
ACC-000390,CUST-00245,savings,2010-06-11,5384629.71
ACC-000391,CUST-00246,loan,2022-09-28,5148083.47
ACC-000392,CUST-00247,cheque,2020-07-14,5880304.35
ACC-000393,CUST-00248,loan,2022-10-17,3903617.6
ACC-000394,CUST-00248,cheque,2020-12-14,1001466.78
ACC-000395,CUST-00248,savings,2017-07-15,4967817.24
ACC-000396,CUST-00249,overdraft,2013-09-27,6148663.91
ACC-000397,CUST-00249,overdraft,2019-10-12,2018384.51
ACC-000398,CUST-00250,cheque,2022-01-07,2141586.97
ACC-000399,CUST-00250,overdraft,2011-01-25,2973905.37
ACC-000400,CUST-00251,savings,2024-01-04,7429137.37
ACC-000401,CUST-00251,cheque,2022-12-20,948241.42
ACC-000402,CUST-00252,cheque,2022-09-15,8012055.53
ACC-000403,CUST-00253,savings,2017-10-16,7956721.84
ACC-000404,CUST-00254,overdraft,2021-04-27,8041462.99
ACC-000405,CUST-00254,loan,2024-11-18,5399935.84
ACC-000406,CUST-00255,loan,2015-08-21,6250013.8
ACC-000407,CUST-00256,savings,2010-06-02,6278811.52
ACC-000408,CUST-00257,savings,2022-12-09,4992537.11
ACC-000409,CUST-00257,loan,2016-01-04,9371692.09
ACC-000410,CUST-00258,loan,2022-09-12,7266424.07
ACC-000411,CUST-00258,cheque,2021-09-18,2007279.63
ACC-000412,CUST-00259,savings,2013-05-17,7464588.73
ACC-000413,CUST-00260,loan,2019-03-15,3187213.15
ACC-000414,CUST-00260,cheque,2024-03-21,2036376.86
ACC-000415,CUST-00261,overdraft,2024-06-28,1606682.52
ACC-000416,CUST-00262,savings,2019-02-07,2385595.74
ACC-000417,CUST-00262,savings,2014-04-22,278014.03
ACC-000418,CUST-00263,overdraft,2020-05-30,4854338.14
ACC-000419,CUST-00263,loan,2019-06-20,6469573.59
ACC-000420,CUST-00264,savings,2016-02-13,1365169.86
ACC-000421,CUST-00265,overdraft,2024-10-09,5507510.42
ACC-000422,CUST-00266,cheque,2020-11-24,7822555.22
ACC-000423,CUST-00266,cheque,2011-11-19,3139733.84
ACC-000424,CUST-00267,cheque,2019-02-17,8967835.67
ACC-000425,CUST-00268,cheque,2018-11-26,9431678.26
ACC-000426,CUST-00268,savings,2015-04-18,1120211.71
ACC-000427,CUST-00269,cheque,2021-09-15,6642507.14
ACC-000428,CUST-00269,overdraft,2021-02-18,8845764.06
ACC-000429,CUST-00270,cheque,2017-01-11,3293529.82
ACC-000430,CUST-00271,loan,2015-04-17,9355065.46
ACC-000431,CUST-00271,savings,2013-03-27,1069033.32
ACC-000432,CUST-00272,overdraft,2019-11-10,4084347.18
ACC-000433,CUST-00273,cheque,2020-12-31,5335166.23
ACC-000434,CUST-00273,cheque,2017-02-05,5457904.59
ACC-000435,CUST-00273,loan,2015-07-12,9633190.08
ACC-000436,CUST-00274,savings,2018-02-21,4752742.59
ACC-000437,CUST-00274,overdraft,2016-11-29,211721.03
ACC-000438,CUST-00274,cheque,2024-11-07,7989614.27
ACC-000439,CUST-00275,savings,2015-09-04,5527726.31
ACC-000440,CUST-00276,overdraft,2012-09-26,5349572.02
ACC-000441,CUST-00277,loan,2018-09-18,79653.2
ACC-000442,CUST-00278,overdraft,2016-09-30,903413.03
ACC-000443,CUST-00278,savings,2016-09-02,2104654.53
ACC-000444,CUST-00278,savings,2019-11-05,6313895.67
ACC-000445,CUST-00279,loan,2010-10-05,2741091.22
ACC-000446,CUST-00279,cheque,2021-01-10,4711441.74
ACC-000447,CUST-00279,loan,2017-06-18,7174142.79
ACC-000448,CUST-00280,cheque,2013-08-06,6985123.39
ACC-000449,CUST-00280,cheque,2017-11-22,4209284.45
ACC-000450,CUST-00280,overdraft,2020-03-02,6952405.78
ACC-000451,CUST-00281,savings,2024-02-19,4434606.3
ACC-000452,CUST-00281,savings,2010-01-26,4007217.84
ACC-000453,CUST-00282,overdraft,2022-12-01,823238.28
ACC-000454,CUST-00282,savings,2015-08-07,5164142.54
ACC-000455,CUST-00283,savings,2023-04-29,6857848.03
ACC-000456,CUST-00283,overdraft,2020-02-16,4784176.43
ACC-000457,CUST-00283,savings,2015-11-06,1735616.78
ACC-000458,CUST-00284,overdraft,2016-04-27,1987438.53
ACC-000459,CUST-00284,loan,2018-03-31,1819710.65
ACC-000460,CUST-00285,savings,2010-06-19,9481144.06
ACC-000461,CUST-00285,savings,2011-12-30,9741301.59
ACC-000462,CUST-00285,savings,2015-11-15,7012910.28
ACC-000463,CUST-00286,loan,2023-11-11,4289604.78
ACC-000464,CUST-00287,cheque,2018-04-03,1702058.72
ACC-000465,CUST-00288,cheque,2021-10-17,4352152.19
ACC-000466,CUST-00288,loan,2021-01-31,1186004.98
ACC-000467,CUST-00289,savings,2015-12-21,2880331.77
ACC-000468,CUST-00289,loan,2018-07-27,1302863.11
ACC-000469,CUST-00290,savings,2016-05-07,7267353.96
ACC-000470,CUST-00290,savings,2019-05-20,1804518.35
ACC-000471,CUST-00290,savings,2010-08-24,2902639.42
ACC-000472,CUST-00291,loan,2015-07-28,3697007.76
ACC-000473,CUST-00292,loan,2011-12-04,104192.1
ACC-000474,CUST-00292,savings,2017-04-02,9744017.37
ACC-000475,CUST-00293,savings,2018-08-08,7084823.21
ACC-000476,CUST-00294,overdraft,2011-08-22,953698.94
ACC-000477,CUST-00294,cheque,2011-03-03,3329292.54
ACC-000478,CUST-00295,overdraft,2023-08-08,9393280.08
ACC-000479,CUST-00296,cheque,2010-02-13,2537315.17
ACC-000480,CUST-00296,loan,2016-10-14,9775261.21
ACC-000481,CUST-00296,overdraft,2012-12-19,9680610.05
ACC-000482,CUST-00297,savings,2015-11-03,1699495.12
ACC-000483,CUST-00297,loan,2017-08-10,8779089.62
ACC-000484,CUST-00298,overdraft,2021-11-24,4329863.65
ACC-000485,CUST-00299,overdraft,2010-12-28,9785187.5
ACC-000486,CUST-00300,overdraft,2018-02-01,9262444.19
ACC-000487,CUST-00301,overdraft,2023-10-01,8296062.2
ACC-000488,CUST-00302,overdraft,2019-10-10,8926825.43
ACC-000489,CUST-00302,overdraft,2021-01-07,7636990.46
ACC-000490,CUST-00302,savings,2022-06-19,8530483.58
ACC-000491,CUST-00303,loan,2011-03-12,1890010.63
ACC-000492,CUST-00303,cheque,2015-02-27,1832230.07
ACC-000493,CUST-00304,savings,2020-06-23,4364862.24
ACC-000494,CUST-00305,loan,2010-12-01,4415755.36
ACC-000495,CUST-00305,loan,2020-04-07,4930392.51
ACC-000496,CUST-00305,savings,2012-10-09,3496693.41
ACC-000497,CUST-00306,overdraft,2014-01-19,8349701.64
ACC-000498,CUST-00307,overdraft,2022-08-20,8909054.33
ACC-000499,CUST-00307,savings,2023-02-02,9980047.55
ACC-000500,CUST-00308,savings,2019-05-05,9204211.55
ACC-000501,CUST-00309,loan,2012-02-12,8873789.61
ACC-000502,CUST-00310,cheque,2018-11-04,3736209.54
ACC-000503,CUST-00311,cheque,2017-04-04,1538600.91
ACC-000504,CUST-00311,cheque,2020-04-28,8307161.56
ACC-000505,CUST-00311,loan,2020-03-08,6283939.04
ACC-000506,CUST-00312,cheque,2017-05-22,9697735.37
ACC-000507,CUST-00313,loan,2017-04-15,9474236.55
ACC-000508,CUST-00313,savings,2014-09-28,8632925.16
ACC-000509,CUST-00314,overdraft,2017-04-01,7981671.56
ACC-000510,CUST-00314,cheque,2022-04-10,9519049.99
ACC-000511,CUST-00315,loan,2015-09-22,1780930.0
ACC-000512,CUST-00316,loan,2012-01-01,206099.85
ACC-000513,CUST-00316,savings,2013-08-27,3885640.51
ACC-000514,CUST-00316,loan,2016-05-23,6472032.84
ACC-000515,CUST-00317,savings,2012-09-14,2986168.06
ACC-000516,CUST-00317,loan,2016-12-15,9037438.98
ACC-000517,CUST-00317,savings,2018-01-20,6655537.44
ACC-000518,CUST-00318,savings,2020-12-24,4454978.71
ACC-000519,CUST-00318,loan,2020-09-07,2685525.56
ACC-000520,CUST-00319,cheque,2019-06-24,8110132.6
ACC-000521,CUST-00319,savings,2019-09-27,6307231.88
ACC-000522,CUST-00320,overdraft,2020-05-25,6764723.88
ACC-000523,CUST-00321,savings,2021-02-09,5273259.83
ACC-000524,CUST-00321,cheque,2016-07-09,4682723.5
ACC-000525,CUST-00322,loan,2016-09-26,1486916.78
ACC-000526,CUST-00323,overdraft,2015-07-30,5231397.48
ACC-000527,CUST-00324,cheque,2022-05-11,766248.66
ACC-000528,CUST-00325,cheque,2021-06-15,4249710.3
ACC-000529,CUST-00326,overdraft,2017-12-21,2549347.18
ACC-000530,CUST-00327,cheque,2012-07-22,7405421.17
ACC-000531,CUST-00328,savings,2018-10-25,453541.9
ACC-000532,CUST-00329,overdraft,2017-01-15,5872496.67
ACC-000533,CUST-00330,loan,2023-12-29,8078532.85
ACC-000534,CUST-00331,savings,2014-09-26,1851688.82
ACC-000535,CUST-00332,overdraft,2012-05-21,4338555.41
ACC-000536,CUST-00332,cheque,2010-02-17,3949943.5
ACC-000537,CUST-00333,loan,2020-04-27,6918370.49
ACC-000538,CUST-00334,loan,2016-10-16,6185375.25
ACC-000539,CUST-00334,overdraft,2018-11-10,8046602.71
ACC-000540,CUST-00334,cheque,2012-10-21,1352004.36
ACC-000541,CUST-00335,cheque,2014-03-22,8590261.29
ACC-000542,CUST-00336,savings,2024-07-28,2418560.39
ACC-000543,CUST-00337,savings,2011-12-07,3009877.78
ACC-000544,CUST-00337,loan,2013-04-28,4740416.89
ACC-000545,CUST-00338,savings,2013-06-02,7388073.04
ACC-000546,CUST-00339,loan,2020-07-29,197258.16
ACC-000547,CUST-00340,savings,2014-07-08,2949019.24
ACC-000548,CUST-00341,loan,2011-02-22,3339166.71
ACC-000549,CUST-00341,cheque,2024-02-21,8476447.67
ACC-000550,CUST-00342,loan,2021-02-12,7371046.06
ACC-000551,CUST-00343,overdraft,2010-10-31,4875477.63
ACC-000552,CUST-00343,loan,2021-07-07,5910801.72
ACC-000553,CUST-00344,loan,2015-03-15,7143189.0
ACC-000554,CUST-00344,cheque,2019-06-20,5764457.12
ACC-000555,CUST-00345,overdraft,2024-07-16,4171957.44
ACC-000556,CUST-00345,loan,2012-08-15,4948393.21
ACC-000557,CUST-00346,overdraft,2020-01-21,6975446.89
ACC-000558,CUST-00346,cheque,2013-08-14,2880819.8
ACC-000559,CUST-00346,savings,2020-07-11,3439130.05
ACC-000560,CUST-00347,savings,2023-03-08,9090792.47
ACC-000561,CUST-00348,loan,2012-12-10,8831850.76
ACC-000562,CUST-00349,loan,2019-05-08,8330974.38
ACC-000563,CUST-00349,overdraft,2020-08-05,7997750.83
ACC-000564,CUST-00350,savings,2016-05-02,6907284.79
ACC-000565,CUST-00350,cheque,2024-12-17,4829414.76
ACC-000566,CUST-00351,savings,2023-08-03,4922365.16
ACC-000567,CUST-00352,loan,2016-10-23,2347954.34
ACC-000568,CUST-00352,cheque,2010-05-29,3588508.75
ACC-000569,CUST-00353,savings,2013-12-02,8279658.94
ACC-000570,CUST-00354,cheque,2011-06-06,3378009.81
ACC-000571,CUST-00354,cheque,2023-11-08,2267675.87
ACC-000572,CUST-00354,savings,2020-11-28,2578963.59
ACC-000573,CUST-00355,overdraft,2011-01-18,7701178.83
ACC-000574,CUST-00356,savings,2021-07-24,6043290.56
ACC-000575,CUST-00356,cheque,2011-02-18,9266394.35
ACC-000576,CUST-00357,loan,2012-06-27,9746622.91
ACC-000577,CUST-00358,cheque,2022-08-13,420652.4
ACC-000578,CUST-00358,cheque,2013-09-30,6299631.24
ACC-000579,CUST-00359,overdraft,2013-07-10,7283764.43
ACC-000580,CUST-00359,loan,2021-05-07,4984411.61
ACC-000581,CUST-00359,cheque,2013-06-17,6471282.62
ACC-000582,CUST-00360,savings,2012-10-04,8486102.32
ACC-000583,CUST-00361,loan,2010-02-23,2453915.33
ACC-000584,CUST-00362,overdraft,2016-06-07,5050722.26
ACC-000585,CUST-00362,cheque,2015-12-20,3724991.14
ACC-000586,CUST-00363,overdraft,2024-02-13,6650287.55
ACC-000587,CUST-00363,savings,2021-11-17,4217800.37
ACC-000588,CUST-00364,loan,2019-04-10,9180282.56
ACC-000589,CUST-00365,overdraft,2010-09-01,4426344.31
ACC-000590,CUST-00365,cheque,2021-08-09,9436484.76
ACC-000591,CUST-00365,cheque,2017-08-03,3148730.91
ACC-000592,CUST-00366,savings,2019-09-26,615621.82
ACC-000593,CUST-00366,cheque,2024-10-22,9225266.1
ACC-000594,CUST-00366,savings,2022-11-20,579040.49
ACC-000595,CUST-00367,overdraft,2019-05-28,4020626.18
ACC-000596,CUST-00367,overdraft,2017-01-13,9092399.3
ACC-000597,CUST-00368,overdraft,2021-11-02,6104400.23
ACC-000598,CUST-00369,loan,2020-01-04,6439149.6
ACC-000599,CUST-00370,loan,2017-09-29,8876861.29
ACC-000600,CUST-00370,loan,2014-06-05,8809865.85
ACC-000601,CUST-00370,cheque,2010-10-30,5374797.49
ACC-000602,CUST-00371,savings,2021-09-03,9919247.77
ACC-000603,CUST-00372,cheque,2021-06-23,5518306.73
ACC-000604,CUST-00373,savings,2010-07-11,279884.36
ACC-000605,CUST-00373,overdraft,2015-06-01,8322457.64
ACC-000606,CUST-00374,loan,2021-05-02,1105308.62
ACC-000607,CUST-00375,overdraft,2015-10-29,6270268.33
ACC-000608,CUST-00376,cheque,2024-08-07,9413488.98
ACC-000609,CUST-00377,cheque,2020-03-01,3390463.97
ACC-000610,CUST-00378,savings,2017-11-09,2992716.9
ACC-000611,CUST-00379,savings,2018-06-21,5197146.81
ACC-000612,CUST-00379,savings,2012-05-12,3279141.78
ACC-000613,CUST-00380,overdraft,2020-03-10,980780.33
ACC-000614,CUST-00380,loan,2019-03-30,820389.69
ACC-000615,CUST-00381,savings,2020-09-06,2148629.24
ACC-000616,CUST-00382,loan,2023-03-12,5590125.54
ACC-000617,CUST-00383,overdraft,2023-02-08,4988774.23
ACC-000618,CUST-00383,loan,2019-11-15,6890489.6
ACC-000619,CUST-00384,loan,2013-08-27,1444317.47
ACC-000620,CUST-00384,savings,2020-11-15,7111794.53
ACC-000621,CUST-00384,savings,2021-07-06,8632853.3
ACC-000622,CUST-00385,savings,2020-03-19,4734082.26
ACC-000623,CUST-00386,overdraft,2012-08-30,6016400.54
ACC-000624,CUST-00386,loan,2012-06-22,1209543.41
ACC-000625,CUST-00387,cheque,2021-09-22,1533891.8
ACC-000626,CUST-00387,overdraft,2016-11-02,9910209.99
ACC-000627,CUST-00388,loan,2010-08-18,7912245.81
ACC-000628,CUST-00389,loan,2011-02-03,9368269.73
ACC-000629,CUST-00390,overdraft,2014-11-02,1831588.25
ACC-000630,CUST-00391,cheque,2012-09-29,5475825.46
ACC-000631,CUST-00391,cheque,2011-01-02,4176333.97
ACC-000632,CUST-00392,loan,2017-07-30,7813712.14
ACC-000633,CUST-00392,loan,2023-08-02,1328963.26
ACC-000634,CUST-00393,loan,2020-02-03,6672540.23
ACC-000635,CUST-00394,overdraft,2012-01-02,7998316.4
ACC-000636,CUST-00395,loan,2018-09-08,2328990.01
ACC-000637,CUST-00395,loan,2017-08-09,5410403.51
ACC-000638,CUST-00396,loan,2016-03-22,6459519.38
ACC-000639,CUST-00396,savings,2010-07-23,5720375.94
ACC-000640,CUST-00396,overdraft,2022-08-02,6451951.62
ACC-000641,CUST-00397,cheque,2014-04-26,9551728.1
ACC-000642,CUST-00397,cheque,2022-10-16,5218016.14
ACC-000643,CUST-00398,cheque,2012-09-12,6582885.89
ACC-000644,CUST-00398,savings,2010-06-05,2750350.32
ACC-000645,CUST-00399,loan,2011-11-25,8069403.32
ACC-000646,CUST-00400,loan,2023-03-18,450791.46
ACC-000647,CUST-00400,cheque,2017-08-16,4370737.18
ACC-000648,CUST-00401,overdraft,2018-07-27,2572520.75
ACC-000649,CUST-00402,cheque,2022-02-25,1682391.77
ACC-000650,CUST-00403,overdraft,2012-01-05,1543119.48
ACC-000651,CUST-00404,savings,2011-04-28,6145139.81
ACC-000652,CUST-00404,overdraft,2014-01-26,272684.75
ACC-000653,CUST-00404,cheque,2016-09-07,3900007.17
ACC-000654,CUST-00405,loan,2017-04-09,2580084.97
ACC-000655,CUST-00406,cheque,2011-03-01,2026392.02
ACC-000656,CUST-00406,savings,2021-01-21,5086704.11
ACC-000657,CUST-00406,loan,2012-07-31,2693605.98
ACC-000658,CUST-00407,loan,2011-06-21,4842230.93
ACC-000659,CUST-00408,savings,2010-06-02,2692328.22
ACC-000660,CUST-00409,cheque,2015-07-11,7630019.99
ACC-000661,CUST-00409,savings,2016-10-31,5682888.13
ACC-000662,CUST-00409,loan,2011-11-19,8462932.25
ACC-000663,CUST-00410,savings,2018-05-17,5404857.11
ACC-000664,CUST-00410,savings,2015-07-02,5375818.76
ACC-000665,CUST-00411,loan,2010-12-09,11009.59
ACC-000666,CUST-00412,overdraft,2024-08-24,9720845.96
ACC-000667,CUST-00413,loan,2016-02-17,5979079.65
ACC-000668,CUST-00414,loan,2017-11-18,8424544.29
ACC-000669,CUST-00414,savings,2023-02-15,8407001.26
ACC-000670,CUST-00415,savings,2021-12-24,5631252.7
ACC-000671,CUST-00416,loan,2012-10-04,8305150.58
ACC-000672,CUST-00417,overdraft,2019-09-09,2109290.91
ACC-000673,CUST-00417,overdraft,2017-09-07,6352063.64
ACC-000674,CUST-00418,loan,2016-02-15,2460036.92
ACC-000675,CUST-00418,overdraft,2017-08-30,2107028.31
ACC-000676,CUST-00418,overdraft,2010-05-11,9140268.39
ACC-000677,CUST-00419,cheque,2023-08-28,4765812.97
ACC-000678,CUST-00420,savings,2019-04-08,5558350.75
ACC-000679,CUST-00420,loan,2018-10-23,5381776.41
ACC-000680,CUST-00420,cheque,2022-01-30,310444.26
ACC-000681,CUST-00421,loan,2012-10-08,3530594.33
ACC-000682,CUST-00421,loan,2023-06-27,3580299.44
ACC-000683,CUST-00422,cheque,2012-10-19,4627462.62
ACC-000684,CUST-00423,loan,2010-03-18,2215986.13
ACC-000685,CUST-00423,cheque,2016-04-22,6805862.97
ACC-000686,CUST-00423,overdraft,2014-04-18,900575.23
ACC-000687,CUST-00424,overdraft,2014-12-17,2343345.18
ACC-000688,CUST-00424,loan,2018-02-21,368923.63
ACC-000689,CUST-00425,savings,2010-02-28,1961671.85
ACC-000690,CUST-00426,loan,2012-06-27,8699292.41
ACC-000691,CUST-00426,loan,2013-10-28,5518300.09
ACC-000692,CUST-00427,savings,2011-06-20,5882057.67
ACC-000693,CUST-00427,cheque,2012-11-09,2596985.18
ACC-000694,CUST-00428,savings,2021-09-25,7289259.76
ACC-000695,CUST-00428,overdraft,2014-04-21,8476824.11
ACC-000696,CUST-00429,overdraft,2022-07-25,8831136.26
ACC-000697,CUST-00430,loan,2024-05-17,6731324.76
ACC-000698,CUST-00431,overdraft,2019-09-14,8443571.2
ACC-000699,CUST-00431,loan,2016-02-23,1218055.25
ACC-000700,CUST-00432,loan,2018-02-09,5173051.88
ACC-000701,CUST-00432,cheque,2015-01-14,470599.51
ACC-000702,CUST-00433,loan,2017-02-03,52587.68
ACC-000703,CUST-00433,savings,2017-07-04,819007.21
ACC-000704,CUST-00433,cheque,2015-01-23,9780978.02
ACC-000705,CUST-00434,cheque,2015-08-10,1969571.3
ACC-000706,CUST-00435,cheque,2024-01-16,6253321.72
ACC-000707,CUST-00436,loan,2010-07-16,5925715.18
ACC-000708,CUST-00437,overdraft,2015-08-14,2472288.51
ACC-000709,CUST-00437,loan,2015-05-07,9588067.78
ACC-000710,CUST-00438,overdraft,2021-08-28,7941317.08
ACC-000711,CUST-00438,cheque,2023-06-16,6196045.99
ACC-000712,CUST-00439,loan,2022-12-26,1249138.9
ACC-000713,CUST-00439,cheque,2010-10-01,3774573.94
ACC-000714,CUST-00440,cheque,2012-11-10,620960.33
ACC-000715,CUST-00440,loan,2011-03-25,3015409.27
ACC-000716,CUST-00440,loan,2011-06-23,1019173.99
ACC-000717,CUST-00441,cheque,2016-08-12,8499443.2
ACC-000718,CUST-00442,loan,2015-03-25,8645962.86
ACC-000719,CUST-00443,cheque,2020-03-03,3839816.33
ACC-000720,CUST-00443,loan,2023-11-29,6192686.31
ACC-000721,CUST-00444,cheque,2020-03-08,5172611.71
ACC-000722,CUST-00445,cheque,2012-04-21,123873.53
ACC-000723,CUST-00445,cheque,2023-04-19,7894374.82
ACC-000724,CUST-00446,savings,2024-04-18,5089471.17
ACC-000725,CUST-00447,loan,2023-12-05,4446798.51
ACC-000726,CUST-00448,cheque,2011-05-11,1277679.83
ACC-000727,CUST-00449,overdraft,2016-12-24,5837075.55
ACC-000728,CUST-00449,savings,2013-04-22,4695768.08
ACC-000729,CUST-00450,overdraft,2018-04-10,9702740.31
ACC-000730,CUST-00450,savings,2011-04-15,2374636.17
ACC-000731,CUST-00451,cheque,2019-06-20,3438817.21
ACC-000732,CUST-00451,savings,2024-05-14,9085093.68
ACC-000733,CUST-00452,overdraft,2014-04-01,6678933.53
ACC-000734,CUST-00452,loan,2023-06-15,6924445.98
ACC-000735,CUST-00453,overdraft,2023-10-27,2997016.28
ACC-000736,CUST-00453,overdraft,2013-08-22,1049374.12
ACC-000737,CUST-00453,cheque,2021-02-14,2194839.41
ACC-000738,CUST-00454,savings,2015-03-02,4665901.04
ACC-000739,CUST-00455,loan,2017-06-08,8072905.8
ACC-000740,CUST-00456,loan,2014-02-18,8261017.15
ACC-000741,CUST-00457,cheque,2011-08-28,3579508.76
ACC-000742,CUST-00458,savings,2016-07-08,4404640.79
ACC-000743,CUST-00458,overdraft,2010-12-26,9753117.44
ACC-000744,CUST-00459,overdraft,2013-11-27,2190231.46
ACC-000745,CUST-00460,savings,2017-08-15,8475494.3
ACC-000746,CUST-00461,savings,2010-06-26,1761598.17
ACC-000747,CUST-00462,cheque,2010-06-21,8314625.92
ACC-000748,CUST-00463,cheque,2017-08-04,9361204.93
ACC-000749,CUST-00464,savings,2018-04-17,8095068.22
ACC-000750,CUST-00465,loan,2011-06-20,1185814.7
ACC-000751,CUST-00465,savings,2014-04-03,1917621.24
ACC-000752,CUST-00466,overdraft,2017-02-17,5995892.08
ACC-000753,CUST-00467,savings,2011-01-14,7631060.67
ACC-000754,CUST-00467,savings,2022-01-04,2942533.28
ACC-000755,CUST-00467,savings,2017-05-08,2472469.31
ACC-000756,CUST-00468,overdraft,2012-11-01,8515174.88
ACC-000757,CUST-00468,loan,2014-09-11,7273258.14
ACC-000758,CUST-00469,cheque,2013-10-03,5086629.44
ACC-000759,CUST-00469,overdraft,2021-03-08,5189404.77
ACC-000760,CUST-00470,overdraft,2021-10-14,6945402.23
ACC-000761,CUST-00471,loan,2020-08-17,2684086.25
ACC-000762,CUST-00471,loan,2024-04-24,9211931.05
ACC-000763,CUST-00472,cheque,2014-08-25,2196043.3
ACC-000764,CUST-00472,savings,2020-02-21,8631819.47
ACC-000765,CUST-00473,overdraft,2019-07-14,8887200.59
ACC-000766,CUST-00474,overdraft,2015-09-17,5505969.19
ACC-000767,CUST-00474,savings,2011-11-20,2951185.12
ACC-000768,CUST-00475,savings,2023-02-05,412388.07
ACC-000769,CUST-00475,overdraft,2019-07-23,4512060.88
ACC-000770,CUST-00476,overdraft,2021-02-27,3170887.24
ACC-000771,CUST-00477,savings,2019-11-28,2338670.21
ACC-000772,CUST-00478,overdraft,2011-11-07,2945883.7
ACC-000773,CUST-00478,cheque,2016-03-14,9266132.59
ACC-000774,CUST-00479,cheque,2018-01-30,383775.57
ACC-000775,CUST-00480,savings,2017-05-21,2500986.41
ACC-000776,CUST-00481,overdraft,2014-04-11,7056720.73
ACC-000777,CUST-00481,savings,2022-03-08,9123912.92
ACC-000778,CUST-00482,overdraft,2016-04-27,8223266.25
ACC-000779,CUST-00483,loan,2019-02-06,8218791.3
ACC-000780,CUST-00483,cheque,2020-08-02,6541256.25
ACC-000781,CUST-00484,savings,2018-12-01,2276557.35
ACC-000782,CUST-00484,savings,2020-08-22,2337998.17
ACC-000783,CUST-00484,loan,2020-05-07,3407255.06
ACC-000784,CUST-00485,savings,2019-08-14,7701540.53
ACC-000785,CUST-00486,savings,2019-11-03,4500269.38
ACC-000786,CUST-00486,cheque,2018-05-28,1390363.31
ACC-000787,CUST-00487,overdraft,2010-03-21,4998502.31
ACC-000788,CUST-00487,overdraft,2017-08-15,2255680.91
ACC-000789,CUST-00487,loan,2019-01-18,7628652.96
ACC-000790,CUST-00488,overdraft,2017-04-25,5869963.9
ACC-000791,CUST-00488,cheque,2013-02-13,1537758.7
ACC-000792,CUST-00489,overdraft,2022-09-29,6298763.23
ACC-000793,CUST-00489,loan,2018-07-21,2042841.98
ACC-000794,CUST-00489,loan,2011-06-06,5345371.32
ACC-000795,CUST-00490,cheque,2017-05-17,5695580.6
ACC-000796,CUST-00491,overdraft,2012-02-03,1715065.17
ACC-000797,CUST-00492,savings,2010-09-20,8264921.81
ACC-000798,CUST-00492,loan,2010-08-08,1867734.36
ACC-000799,CUST-00493,loan,2016-05-14,2059717.07
ACC-000800,CUST-00494,cheque,2020-03-13,575474.35
ACC-000801,CUST-00495,savings,2017-04-30,8597213.77
ACC-000802,CUST-00495,loan,2018-10-09,1571197.51
ACC-000803,CUST-00496,loan,2020-09-22,7431684.4
ACC-000804,CUST-00497,savings,2012-11-30,8704620.23
ACC-000805,CUST-00498,loan,2013-07-24,6037490.78
ACC-000806,CUST-00499,savings,2021-04-09,7168003.7
ACC-000807,CUST-00499,loan,2016-03-06,2017825.59
ACC-000808,CUST-00499,savings,2019-12-31,640636.46
ACC-000809,CUST-00500,savings,2021-10-17,3289585.74
ACC-000810,UNB-00001,external,2021-05-20,1758478.78
ACC-000811,UNB-00002,external,2020-02-28,925390.91
ACC-000812,UNB-00003,external,2015-06-10,1474581.42
ACC-000813,UNB-00004,external,2018-03-25,1292598.28
ACC-000814,UNB-00005,external,2020-02-13,693563.68
ACC-000815,UNB-00006,external,2024-06-13,1423295.87
ACC-000816,UNB-00007,external,2018-05-03,782180.74
ACC-000817,UNB-00008,external,2024-03-26,1619969.53
ACC-000818,UNB-00009,external,2016-12-18,830105.52
ACC-000819,UNB-00010,external,2017-01-05,1799929.24
ACC-000820,UNB-00011,external,2023-03-23,864153.23
ACC-000821,UNB-00012,external,2019-04-25,1821666.19
ACC-000822,UNB-00013,external,2017-01-21,1397044.07
ACC-000823,UNB-00014,external,2016-01-27,787102.64
ACC-000824,UNB-00015,external,2015-06-28,479390.52
ACC-000825,UNB-00016,external,2024-10-05,315864.45
ACC-000826,UNB-00017,external,2024-11-23,1256166.41
ACC-000827,UNB-00018,external,2018-04-10,1333313.88
ACC-000828,UNB-00019,external,2015-10-01,1396087.99
ACC-000829,UNB-00020,external,2023-02-06,1804469.44
ACC-000830,UNB-00021,external,2020-07-14,822556.32
ACC-000831,UNB-00022,external,2023-07-18,1105647.79
ACC-000832,UNB-00023,external,2019-02-19,153067.27
ACC-000833,UNB-00024,external,2016-03-06,1008789.68
ACC-000834,UNB-00025,external,2023-09-28,652026.27
ACC-000835,UNB-00026,external,2020-01-22,329678.21
ACC-000836,UNB-00027,external,2017-04-29,1012129.14
ACC-000837,UNB-00028,external,2020-03-08,53435.76
ACC-000838,UNB-00029,external,2022-03-01,1388971.43
ACC-000839,UNB-00030,external,2023-05-29,923807.94
ACC-000840,UNB-00031,external,2018-11-08,1491914.87
ACC-000841,UNB-00032,external,2024-08-06,388807.17
ACC-000842,UNB-00033,external,2015-06-04,21474.72
ACC-000843,UNB-00034,external,2016-04-14,1418199.21
ACC-000844,UNB-00035,external,2016-07-13,654220.73
ACC-000845,UNB-00036,external,2023-05-25,928491.09
ACC-000846,UNB-00037,external,2020-03-04,136474.34
ACC-000847,UNB-00038,external,2021-02-24,1314045.21
ACC-000848,UNB-00039,external,2023-01-01,1900036.85
ACC-000849,UNB-00040,external,2016-07-28,941575.46
ACC-000850,UNB-00041,external,2018-02-17,1683125.07
ACC-000851,UNB-00042,external,2016-11-29,1676991.7
ACC-000852,UNB-00043,external,2021-10-22,201030.24
ACC-000853,UNB-00044,external,2018-04-19,248302.77
ACC-000854,UNB-00045,external,2023-04-25,781699.0
ACC-000855,UNB-00046,external,2015-11-14,1342784.31
ACC-000856,UNB-00047,external,2015-02-15,1354766.28
ACC-000857,UNB-00048,external,2016-09-20,881315.98
ACC-000858,UNB-00049,external,2016-12-29,433344.87
ACC-000859,UNB-00050,external,2015-05-22,1785375.41
ACC-000860,UNB-00051,external,2020-12-20,432333.0
ACC-000861,UNB-00052,external,2022-10-24,95512.04
ACC-000862,UNB-00053,external,2022-02-13,1623023.65
ACC-000863,UNB-00054,external,2022-03-10,1325079.88
ACC-000864,UNB-00055,external,2022-05-27,1794019.76
ACC-000865,UNB-00056,external,2019-05-19,1380693.43
ACC-000866,UNB-00057,external,2019-12-24,104830.51
ACC-000867,UNB-00058,external,2015-01-20,97329.39
ACC-000868,UNB-00059,external,2019-03-26,1534228.48
ACC-000869,UNB-00060,external,2017-10-19,749289.41
ACC-000870,UNB-00061,external,2017-09-04,399971.38
ACC-000871,UNB-00062,external,2015-03-07,843365.46
ACC-000872,UNB-00063,external,2015-03-01,674233.28
ACC-000873,UNB-00064,external,2017-02-26,1359919.05
ACC-000874,UNB-00065,external,2015-09-16,441135.7
ACC-000875,UNB-00066,external,2024-11-22,193206.41
ACC-000876,UNB-00067,external,2024-05-14,1660901.33
ACC-000877,UNB-00068,external,2016-11-18,1448022.99
ACC-000878,UNB-00069,external,2015-06-30,831360.02
ACC-000879,UNB-00070,external,2016-03-17,1631248.67
ACC-000880,UNB-00071,external,2018-08-14,1124108.23
ACC-000881,UNB-00072,external,2017-02-15,1249346.71
ACC-000882,UNB-00073,external,2021-01-27,790127.84
ACC-000883,UNB-00074,external,2019-10-19,241607.92
ACC-000884,UNB-00075,external,2017-05-25,211770.63
ACC-000885,UNB-00076,external,2018-08-17,347243.12
ACC-000886,UNB-00077,external,2019-07-06,1307985.52
ACC-000887,UNB-00078,external,2015-02-19,778373.32
ACC-000888,UNB-00079,external,2020-02-23,440192.39
ACC-000889,UNB-00080,external,2022-05-19,1630169.78
ACC-000890,UNB-00081,external,2022-04-16,1247818.79
ACC-000891,UNB-00082,external,2015-06-29,134662.54
ACC-000892,UNB-00083,external,2017-06-14,822193.67
ACC-000893,UNB-00084,external,2023-08-10,1197738.19
ACC-000894,UNB-00085,external,2016-02-22,1425062.22
ACC-000895,UNB-00086,external,2023-11-16,1981062.58
ACC-000896,UNB-00087,external,2024-07-15,1138410.12
ACC-000897,UNB-00088,external,2017-10-28,1918069.41
ACC-000898,UNB-00089,external,2021-09-23,648708.58
ACC-000899,UNB-00090,external,2022-01-28,1392630.73
ACC-000900,UNB-00091,external,2022-08-08,1849106.8
ACC-000901,UNB-00092,external,2023-08-26,1387441.49
ACC-000902,UNB-00093,external,2018-09-22,350662.09
ACC-000903,UNB-00094,external,2023-07-17,1767934.06
ACC-000904,UNB-00095,external,2018-07-26,1956043.06
ACC-000905,UNB-00096,external,2022-06-22,964260.76
ACC-000906,UNB-00097,external,2018-10-04,35297.6
ACC-000907,UNB-00098,external,2021-07-24,897823.13
ACC-000908,UNB-00099,external,2020-09-24,1281183.91
ACC-000909,UNB-00100,external,2017-08-10,1006840.09
ACC-000910,UNB-00101,external,2022-11-26,1976761.73
ACC-000911,UNB-00102,external,2017-08-10,42426.76
ACC-000912,UNB-00103,external,2023-07-06,1793558.85
ACC-000913,UNB-00104,external,2018-06-19,472792.65
ACC-000914,UNB-00105,external,2019-10-22,1514491.49
ACC-000915,UNB-00106,external,2021-12-13,158779.28
ACC-000916,UNB-00107,external,2016-07-17,749047.26
ACC-000917,UNB-00108,external,2018-04-29,404023.58
ACC-000918,UNB-00109,external,2019-03-20,408770.66
ACC-000919,UNB-00110,external,2015-06-05,476127.94
ACC-000920,UNB-00111,external,2023-02-18,1196150.38
ACC-000921,UNB-00112,external,2019-12-23,1478511.27
ACC-000922,UNB-00113,external,2018-09-08,268534.02
ACC-000923,UNB-00114,external,2018-07-24,1287204.14
ACC-000924,UNB-00115,external,2023-07-12,79214.95
ACC-000925,UNB-00116,external,2023-11-18,1955135.01
ACC-000926,UNB-00117,external,2022-04-08,1625421.08
ACC-000927,UNB-00118,external,2023-06-02,47386.66
ACC-000928,UNB-00119,external,2024-07-01,1465746.26
ACC-000929,UNB-00120,external,2018-11-04,484497.97
ACC-000930,UNB-00121,external,2021-01-18,108147.96
ACC-000931,UNB-00122,external,2022-06-16,1976752.55
ACC-000932,UNB-00123,external,2023-12-27,1374699.68
ACC-000933,UNB-00124,external,2023-01-26,444888.11
ACC-000934,UNB-00125,external,2024-10-14,762971.84
ACC-000935,UNB-00126,external,2018-08-10,367090.95
ACC-000936,UNB-00127,external,2022-01-23,12085.32
ACC-000937,UNB-00128,external,2024-10-02,983284.58
ACC-000938,UNB-00129,external,2017-02-27,104213.72
ACC-000939,UNB-00130,external,2016-08-02,1876549.05
ACC-000940,UNB-00131,external,2016-05-29,183518.78
ACC-000941,UNB-00132,external,2021-08-24,1097694.2
ACC-000942,UNB-00133,external,2023-12-02,1863625.38
ACC-000943,UNB-00134,external,2017-08-25,1014849.1
ACC-000944,UNB-00135,external,2019-10-12,1449978.21
ACC-000945,UNB-00136,external,2018-06-29,328317.62
ACC-000946,UNB-00137,external,2017-03-20,489849.92
ACC-000947,UNB-00138,external,2016-12-23,1211702.47
ACC-000948,UNB-00139,external,2018-05-26,570705.78
ACC-000949,UNB-00140,external,2020-01-11,1935451.62
ACC-000950,UNB-00141,external,2017-04-04,543721.57
ACC-000951,UNB-00142,external,2023-10-06,962341.41
ACC-000952,UNB-00143,external,2019-01-12,796488.95
ACC-000953,UNB-00144,external,2016-11-18,941426.97
ACC-000954,UNB-00145,external,2019-09-28,1010585.11
ACC-000955,UNB-00146,external,2023-03-30,866860.98
ACC-000956,UNB-00147,external,2016-09-30,1639207.62
ACC-000957,UNB-00148,external,2023-11-25,964001.45
ACC-000958,UNB-00149,external,2023-07-18,762838.62
ACC-000959,UNB-00150,external,2024-07-30,166465.71
ACC-000960,UNB-00151,external,2018-05-14,1190366.72
ACC-000961,UNB-00152,external,2016-09-17,1105704.27
ACC-000962,UNB-00153,external,2016-12-20,514583.44
ACC-000963,UNB-00154,external,2020-03-14,611694.57
ACC-000964,UNB-00155,external,2018-03-06,750293.77
ACC-000965,UNB-00156,external,2021-10-18,961688.67
ACC-000966,UNB-00157,external,2018-09-26,273312.7
ACC-000967,UNB-00158,external,2020-04-06,391431.5
ACC-000968,UNB-00159,external,2017-02-15,8361.1
ACC-000969,UNB-00160,external,2024-08-30,1001399.62
ACC-000970,UNB-00161,external,2023-02-19,748515.63
ACC-000971,UNB-00162,external,2019-07-16,1851382.14
ACC-000972,UNB-00163,external,2019-06-05,1940985.27
ACC-000973,UNB-00164,external,2019-03-09,768074.85
ACC-000974,UNB-00165,external,2018-06-14,1282097.44
ACC-000975,UNB-00166,external,2021-08-06,142468.71
ACC-000976,UNB-00167,external,2024-12-03,77653.8
ACC-000977,UNB-00168,external,2016-05-24,769652.02
ACC-000978,UNB-00169,external,2021-05-05,324724.77
ACC-000979,UNB-00170,external,2023-07-23,872595.89
ACC-000980,UNB-00171,external,2017-11-11,1542540.76
ACC-000981,UNB-00172,external,2023-06-06,1444490.59
ACC-000982,UNB-00173,external,2020-09-18,1418256.93
ACC-000983,UNB-00174,external,2022-02-13,1376978.79
ACC-000984,UNB-00175,external,2022-10-23,115409.23
ACC-000985,UNB-00176,external,2019-04-28,1853037.51
ACC-000986,UNB-00177,external,2023-04-02,493583.62
ACC-000987,UNB-00178,external,2020-05-10,69015.14
ACC-000988,UNB-00179,external,2024-02-13,722828.58
ACC-000989,UNB-00180,external,2022-12-04,1352851.2
ACC-000990,UNB-00181,external,2022-10-27,1331351.27
ACC-000991,UNB-00182,external,2016-08-28,522661.4
ACC-000992,UNB-00183,external,2020-02-09,1888530.44
ACC-000993,UNB-00184,external,2016-08-26,508576.07
ACC-000994,UNB-00185,external,2021-10-02,1156683.59
ACC-000995,UNB-00186,external,2022-06-07,1683031.8
ACC-000996,UNB-00187,external,2015-02-20,233461.29
ACC-000997,UNB-00188,external,2016-01-14,1288794.78
ACC-000998,UNB-00189,external,2019-04-24,795333.84
ACC-000999,UNB-00190,external,2021-07-28,1948291.18
ACC-001000,UNB-00191,external,2015-11-26,1037074.09
ACC-001001,UNB-00192,external,2017-02-12,1752012.33
ACC-001002,UNB-00193,external,2016-11-10,1659499.13
ACC-001003,UNB-00194,external,2017-11-01,1383673.6
ACC-001004,UNB-00195,external,2020-08-12,1935366.86
ACC-001005,UNB-00196,external,2022-05-21,1773301.77
ACC-001006,UNB-00197,external,2021-07-28,615957.73
ACC-001007,UNB-00198,external,2019-08-13,1504924.5
ACC-001008,UNB-00199,external,2023-02-28,1738835.92
ACC-001009,UNB-00200,external,2016-03-23,1272360.5
ACC-001010,UNB-00201,external,2023-09-17,1595067.89
ACC-001011,UNB-00202,external,2024-02-18,285426.96
ACC-001012,UNB-00203,external,2023-05-25,419051.11
ACC-001013,UNB-00204,external,2023-05-23,795940.44
ACC-001014,UNB-00205,external,2018-06-15,12840.61
ACC-001015,UNB-00206,external,2016-11-20,1632778.76
ACC-001016,UNB-00207,external,2015-01-07,193741.32
ACC-001017,UNB-00208,external,2023-09-05,1392633.41
ACC-001018,UNB-00209,external,2020-11-20,833684.65
ACC-001019,UNB-00210,external,2018-03-27,1466084.47
ACC-001020,UNB-00211,external,2016-11-29,352802.6
ACC-001021,UNB-00212,external,2017-02-02,1408094.39
ACC-001022,UNB-00213,external,2017-03-22,972942.52
ACC-001023,UNB-00214,external,2020-08-20,1896966.62
ACC-001024,UNB-00215,external,2020-01-20,1134184.27
ACC-001025,UNB-00216,external,2017-05-20,371276.08
ACC-001026,UNB-00217,external,2015-08-30,1499831.47
ACC-001027,UNB-00218,external,2024-01-28,1518329.37
ACC-001028,UNB-00219,external,2017-11-28,1965894.25
ACC-001029,UNB-00220,external,2024-10-10,817584.8
ACC-001030,UNB-00221,external,2022-01-11,1825942.81
ACC-001031,UNB-00222,external,2016-03-23,1736723.98
ACC-001032,UNB-00223,external,2016-11-11,159619.6
ACC-001033,UNB-00224,external,2015-12-18,755457.08
ACC-001034,UNB-00225,external,2018-02-07,128524.87
ACC-001035,UNB-00226,external,2015-05-02,1171292.8
ACC-001036,UNB-00227,external,2020-05-11,970388.71
ACC-001037,UNB-00228,external,2023-07-13,201618.28
ACC-001038,UNB-00229,external,2015-09-08,532161.5
ACC-001039,UNB-00230,external,2015-01-30,1330644.56
ACC-001040,UNB-00231,external,2023-11-07,1975237.67
ACC-001041,UNB-00232,external,2016-02-01,422136.72
ACC-001042,UNB-00233,external,2023-11-18,14523.91
ACC-001043,UNB-00234,external,2021-10-05,1040148.24
ACC-001044,UNB-00235,external,2023-07-16,531671.6
ACC-001045,UNB-00236,external,2020-06-13,946463.57
ACC-001046,UNB-00237,external,2018-10-12,1208743.1
ACC-001047,UNB-00238,external,2018-10-10,741570.24
ACC-001048,UNB-00239,external,2024-12-25,686154.9
ACC-001049,UNB-00240,external,2018-07-15,1633694.38
ACC-001050,UNB-00241,external,2019-01-19,1330156.57
ACC-001051,UNB-00242,external,2019-03-31,1221618.12
ACC-001052,UNB-00243,external,2018-12-29,1746154.86
ACC-001053,UNB-00244,external,2024-01-16,200354.73
ACC-001054,UNB-00245,external,2020-02-15,1741083.02
ACC-001055,UNB-00246,external,2019-07-04,1450440.37
ACC-001056,UNB-00247,external,2024-12-16,1850074.23
ACC-001057,UNB-00248,external,2015-04-16,1203818.35
ACC-001058,UNB-00249,external,2024-09-29,1061258.68
ACC-001059,UNB-00250,external,2022-11-04,1502879.48
ACC-001060,UNB-00251,external,2017-10-15,736859.79
ACC-001061,UNB-00252,external,2021-12-07,1372369.79
ACC-001062,UNB-00253,external,2024-10-02,950398.86
ACC-001063,UNB-00254,external,2019-08-20,1320456.82
ACC-001064,UNB-00255,external,2015-01-13,1972362.81
ACC-001065,UNB-00256,external,2024-02-11,644367.14
ACC-001066,UNB-00257,external,2022-02-08,720411.22
ACC-001067,UNB-00258,external,2015-07-07,1939195.15
ACC-001068,UNB-00259,external,2023-04-02,651050.4
ACC-001069,UNB-00260,external,2019-12-25,467117.3
ACC-001070,UNB-00261,external,2020-06-07,800330.38
ACC-001071,UNB-00262,external,2021-11-14,1587920.76
ACC-001072,UNB-00263,external,2018-11-27,855832.56
ACC-001073,UNB-00264,external,2020-05-04,1973742.93
ACC-001074,UNB-00265,external,2024-08-11,1398999.47
ACC-001075,UNB-00266,external,2016-02-16,1468555.49
ACC-001076,UNB-00267,external,2018-04-18,1214347.62
ACC-001077,UNB-00268,external,2022-12-26,286322.89
ACC-001078,UNB-00269,external,2020-10-31,1752468.01
ACC-001079,UNB-00270,external,2023-10-20,1713605.22
ACC-001080,UNB-00271,external,2020-08-28,63491.5
ACC-001081,UNB-00272,external,2020-08-01,1593641.52
ACC-001082,UNB-00273,external,2018-05-19,1664708.22
ACC-001083,UNB-00274,external,2021-02-25,1974439.22
ACC-001084,UNB-00275,external,2020-03-27,336105.7
ACC-001085,UNB-00276,external,2020-01-02,1910102.44
ACC-001086,UNB-00277,external,2020-05-28,1325284.22
ACC-001087,UNB-00278,external,2017-09-13,486712.0
ACC-001088,UNB-00279,external,2016-11-29,1506505.04
ACC-001089,UNB-00280,external,2022-05-26,1399818.0
ACC-001090,UNB-00281,external,2016-03-08,869786.81
ACC-001091,UNB-00282,external,2023-01-10,58443.56
ACC-001092,UNB-00283,external,2018-08-30,1805297.04
ACC-001093,UNB-00284,external,2023-08-05,560715.69
ACC-001094,UNB-00285,external,2023-01-24,515257.09
ACC-001095,UNB-00286,external,2020-05-04,1903007.76
ACC-001096,UNB-00287,external,2022-07-09,246196.22
ACC-001097,UNB-00288,external,2016-07-10,1845472.37
ACC-001098,UNB-00289,external,2022-02-08,1450828.81
ACC-001099,UNB-00290,external,2016-01-06,1591080.93
ACC-001100,UNB-00291,external,2018-09-25,1743881.21
ACC-001101,UNB-00292,external,2021-06-17,1532674.77
ACC-001102,UNB-00293,external,2021-09-26,129334.06
ACC-001103,UNB-00294,external,2018-11-06,754020.64
ACC-001104,UNB-00295,external,2023-01-17,1485935.64
ACC-001105,UNB-00296,external,2023-02-17,763301.01
ACC-001106,UNB-00297,external,2022-03-15,1570163.76
ACC-001107,UNB-00298,external,2024-08-07,873924.51
ACC-001108,UNB-00299,external,2017-08-13,447101.67
ACC-001109,UNB-00300,external,2016-04-18,581953.01
